experiment,mode,eps,violation_factor,n,violations,violation_rate,mean_commit_wait
A,naive,0,1.0,20000,0,0.0,0.0
A,naive,1,1.0,20000,362,0.0181,0.0
A,naive,2,1.0,20000,679,0.03395,0.0
A,naive,3,1.0,20000,1004,0.0502,0.0
A,naive,4,1.0,20000,1361,0.06805,0.0
A,naive,6,1.0,20000,2023,0.10115,0.0
A,naive,8,1.0,20000,2691,0.13455,0.0
A,naive,10,1.0,20000,3402,0.1701,0.0
A,start_only,0,1.0,20000,0,0.0,0.0
A,start_only,1,1.0,20000,362,0.0181,0.0
A,start_only,2,1.0,20000,679,0.03395,0.0
A,start_only,3,1.0,20000,1004,0.0502,0.0
A,start_only,4,1.0,20000,1361,0.06805,0.0
A,start_only,6,1.0,20000,2023,0.10115,0.0
A,start_only,8,1.0,20000,2691,0.13455,0.0
A,start_only,10,1.0,20000,3402,0.1701,0.0
A,spanner,0,1.0,20000,0,0.0,9.999894245993346e-10
A,spanner,1,1.0,20000,0,0.0,2.00000000099974
A,spanner,2,1.0,20000,0,0.0,4.000000000999588
A,spanner,3,1.0,20000,0,0.0,6.000000001001086
A,spanner,4,1.0,20000,0,0.0,8.000000000999202
A,spanner,6,1.0,20000,0,0.0,12.000000000995978
A,spanner,8,1.0,20000,0,0.0,16.00000000099437
A,spanner,10,1.0,20000,0,0.0,20.000000000993403
C,spanner,4.0,0.5,20000,0,0.0,8.000000000999202
C,spanner,4.0,0.75,20000,0,0.0,8.000000000999202
C,spanner,4.0,1.0,20000,0,0.0,8.000000000999202
C,spanner,4.0,1.25,20000,16,0.0008,8.000000000999202
C,spanner,4.0,1.5,20000,81,0.00405,8.000000000999202
C,spanner,4.0,2.0,20000,325,0.01625,8.000000000999202
C,spanner,4.0,3.0,20000,1172,0.0586,8.000000000999202
C,spanner,4.0,4.0,20000,2282,0.1141,8.000000000999202
